2023-11-17T21:31:39.076947,394
2023-11-17T21:31:40.079175,339
2023-11-17T21:31:41.080101,326
2023-11-17T21:31:42.080387,319
2023-11-17T21:31:50.086965,284
2023-11-17T21:31:51.089225,282
2023-11-17T21:31:52.090266,281
2023-11-17T21:31:53.091818,279
2023-11-17T21:31:54.091791,278
2023-11-17T21:31:55.093544,277
2023-11-17T21:31:56.093671,276
2023-11-17T21:31:57.095997,274
2023-11-17T21:31:58.096936,273
2023-11-17T21:31:59.097546,272
2023-11-17T21:32:00.098022,271
2023-11-17T21:32:01.099367,270
2023-11-17T21:32:02.098744,269
2023-11-17T21:32:03.100606,268
2023-11-17T21:32:04.102783,267
2023-11-17T21:32:05.102782,269
2023-11-17T21:32:06.104856,268
2023-11-17T21:32:07.104755,268
2023-11-17T21:32:08.105471,268
2023-11-17T21:32:09.108649,269
2023-11-17T21:32:10.108688,268
2023-11-17T21:32:11.108882,269
2023-11-17T21:32:12.110436,269
2023-11-17T21:32:13.111168,269
2023-11-17T21:32:14.111677,270
2023-11-17T21:32:15.112098,270
2023-11-17T21:32:16.113639,270
2023-11-17T21:32:17.114781,269
2023-11-17T21:32:18.116452,270
2023-11-17T21:32:19.117272,270
2023-11-17T21:32:20.117468,263
2023-11-17T21:32:21.118512,519
2023-11-17T21:32:22.119540,418
2023-11-17T21:32:23.122089,350
2023-11-17T21:32:24.123213,343
2023-11-17T21:32:25.123447,330
2023-11-17T21:32:26.123627,360
2023-11-17T21:32:27.125294,101
2023-11-17T21:32:28.126690,133
2023-11-17T21:32:29.126998,154
2023-11-17T21:32:30.127612,170
2023-11-17T21:32:31.130427,185
2023-11-17T21:32:32.131457,198
2023-11-17T21:32:33.131445,208
2023-11-17T21:32:34.130823,216
2023-11-17T21:32:35.133520,222
2023-11-17T21:32:36.134341,227
2023-11-17T21:32:37.134864,231
2023-11-17T21:32:38.137387,236
2023-11-17T21:32:39.137282,240
2023-11-17T21:32:40.137249,244
2023-11-17T21:32:41.139337,247
2023-11-17T21:32:42.138581,248
2023-11-17T21:32:43.141437,245
2023-11-17T21:32:44.141995,246
2023-11-17T21:32:45.144184,248
2023-11-17T21:32:46.143444,249
2023-11-17T21:32:47.143967,250
2023-11-17T21:32:48.146975,250
2023-11-17T21:32:49.147589,251
2023-11-17T21:32:50.147072,252
2023-11-17T21:32:51.148309,253
2023-11-17T21:32:52.149443,254
2023-11-17T21:32:53.150695,255
2023-11-17T21:32:54.152574,256
2023-11-17T21:32:55.153434,257
2023-11-17T21:32:56.153521,258
2023-11-17T21:32:57.153785,259
2023-11-17T21:32:58.156079,260
2023-11-17T21:32:59.155982,260
2023-11-17T21:33:00.156889,260
2023-11-17T21:33:01.158453,260
2023-11-17T21:33:02.158650,260
2023-11-17T21:33:03.160113,260
2023-11-17T21:33:04.161453,259
2023-11-17T21:33:05.163108,259
2023-11-17T21:33:06.165193,258
2023-11-17T21:33:07.163515,257
2023-11-17T21:33:08.166633,257
2023-11-17T21:33:09.165381,257
2023-11-17T21:33:10.168248,256
2023-11-17T21:33:11.169981,256
2023-11-17T21:33:12.169467,256
2023-11-17T21:33:13.172222,256
2023-11-17T21:33:14.171599,257
2023-11-17T21:33:15.173090,258
2023-11-17T21:33:16.174090,258
2023-11-17T21:33:17.173869,259
2023-11-17T21:33:18.175682,259
2023-11-17T21:33:19.177609,260
2023-11-17T21:33:20.179263,260
2023-11-17T21:33:21.178942,261
2023-11-17T21:33:22.179567,261
2023-11-17T21:33:23.180913,260
2023-11-17T21:33:24.182058,260
2023-11-17T21:33:25.182670,259
2023-11-17T21:33:26.184164,259
2023-11-17T21:33:27.185241,258
2023-11-17T21:33:28.186107,257
2023-11-17T21:33:29.187114,256
2023-11-17T21:33:30.187014,255
2023-11-17T21:33:31.188829,255
2023-11-17T21:33:32.190127,255
2023-11-17T21:33:33.191470,255
2023-11-17T21:33:34.191252,255
2023-11-17T21:33:35.191932,256
2023-11-17T21:33:36.193846,257
2023-11-17T21:33:37.194771,258
2023-11-17T21:33:38.195086,259
2023-11-17T21:33:39.195386,259
2023-11-17T21:33:40.197992,259
2023-11-17T21:33:41.199468,259
2023-11-17T21:33:42.200530,260
2023-11-17T21:33:43.200709,260
2023-11-17T21:33:44.201292,260
2023-11-17T21:33:45.201802,259
2023-11-17T21:33:46.202533,258
2023-11-17T21:33:47.205701,258
2023-11-17T21:33:48.204608,257
2023-11-17T21:33:49.207720,257
2023-11-17T21:33:50.207084,256
2023-11-17T21:33:51.207501,256
2023-11-17T21:33:52.209782,256
2023-11-17T21:33:53.210291,259
2023-11-17T21:33:54.212169,259
2023-11-17T21:33:55.212365,258
2023-11-17T21:33:56.212887,258
2023-11-17T21:33:57.214453,259
2023-11-17T21:33:58.214697,260
2023-11-17T21:33:59.217683,260
2023-11-17T21:34:00.216814,259
2023-11-17T21:34:01.219927,259
2023-11-17T21:34:02.218679,259
2023-11-17T21:34:03.220706,258
2023-11-17T21:34:04.221376,257
2023-11-17T21:34:05.221573,256
2023-11-17T21:34:06.223644,256
2023-11-17T21:34:07.223856,257
2023-11-17T21:34:08.224573,258
2023-11-17T21:34:09.225927,259
2023-11-17T21:34:10.227093,259
2023-11-17T21:34:11.227990,259
2023-11-17T21:34:12.229911,260
2023-11-17T21:34:13.231162,260
2023-11-17T21:34:14.231122,259
2023-11-17T21:34:15.233176,258
2023-11-17T21:34:16.233584,257
2023-11-17T21:34:17.235667,256
2023-11-17T21:34:18.234718,256
2023-11-17T21:34:19.235284,256
2023-11-17T21:34:20.237313,256
2023-11-17T21:34:21.238239,257
2023-11-17T21:34:22.239685,258
2023-11-17T21:34:23.240522,259
2023-11-17T21:34:24.241759,259
2023-11-17T21:34:25.241866,260
2023-11-17T21:34:26.243626,259
2023-11-17T21:34:27.244393,258
2023-11-17T21:34:28.244998,258
2023-11-17T21:34:29.245815,257
2023-11-17T21:34:30.248483,255
2023-11-17T21:34:31.248594,256
2023-11-17T21:34:32.248063,256
2023-11-17T21:34:33.250355,257
2023-11-17T21:34:34.250343,258
2023-11-17T21:34:35.252415,258
2023-11-17T21:34:36.253666,259
2023-11-17T21:34:37.253654,258
2023-11-17T21:34:38.255937,259
2023-11-17T21:34:39.255520,259
2023-11-17T21:34:40.256657,258
2023-11-17T21:34:41.258114,257
2023-11-17T21:34:42.258104,257
2023-11-17T21:34:43.260319,256
2023-11-17T21:34:44.261960,256
2023-11-17T21:34:45.262283,255
2023-11-17T21:34:46.264144,256
2023-11-17T21:34:47.264739,257
2023-11-17T21:34:48.264312,257
2023-11-17T21:34:49.265248,258
2023-11-17T21:34:50.267218,259
2023-11-17T21:34:51.269601,258
2023-11-17T21:34:52.268666,259
2023-11-17T21:34:53.269904,260
2023-11-17T21:34:54.271676,259
2023-11-17T21:34:55.273436,258
2023-11-17T21:34:56.274259,256
2023-11-17T21:34:57.274573,256
2023-11-17T21:34:58.274447,256
2023-11-17T21:34:59.276667,256
2023-11-17T21:35:00.277834,255
2023-11-17T21:35:01.279248,257
2023-11-17T21:35:02.279007,258
2023-11-17T21:35:03.279841,258
2023-11-17T21:35:04.280664,259
2023-11-17T21:35:05.281601,259
2023-11-17T21:35:06.282945,259
2023-11-17T21:35:07.284289,259
2023-11-17T21:35:08.284916,259
2023-11-17T21:35:09.286258,257
2023-11-17T21:35:10.287613,256
2023-11-17T21:35:11.287185,256
2023-11-17T21:35:12.287919,256
2023-11-17T21:35:13.291458,255
2023-11-17T21:35:14.291321,255
2023-11-17T21:35:15.292507,256
2023-11-17T21:35:16.292604,256
2023-11-17T21:35:17.295581,258
2023-11-17T21:35:18.294634,259
2023-11-17T21:35:19.295780,259
2023-11-17T21:35:20.296809,259
2023-11-17T21:35:21.297020,259
2023-11-17T21:35:22.299089,259
2023-11-17T21:35:23.300967,258
2023-11-17T21:35:24.302312,258
2023-11-17T21:35:25.301152,257
2023-11-17T21:35:26.302094,256
2023-11-17T21:35:27.304061,256
2023-11-17T21:35:28.305624,256
2023-11-17T21:35:29.305821,256
2023-11-17T21:35:30.306789,256
2023-11-17T21:35:31.307836,256
2023-11-17T21:35:32.308748,257
2023-11-17T21:35:33.309540,257
2023-11-17T21:35:34.311505,258
2023-11-17T21:35:35.311822,259
2023-11-17T21:35:36.312969,259
2023-11-17T21:35:37.314624,259
2023-11-17T21:35:38.315970,258
2023-11-17T21:35:39.316803,258
2023-11-17T21:35:40.318249,257
2023-11-17T21:35:41.318237,257
2023-11-17T21:35:42.319919,257
2023-11-17T21:35:43.320417,256
2023-11-17T21:35:44.320837,255
2023-11-17T21:35:45.323439,255
2023-11-17T21:35:46.323665,255
2023-11-17T21:35:47.324177,256
2023-11-17T21:35:48.324656,257
2023-11-17T21:35:49.326009,258
2023-11-17T21:35:50.325744,258
2023-11-17T21:35:51.327654,258
2023-11-17T21:35:52.328907,259
2023-11-17T21:35:53.329936,259
2023-11-17T21:35:54.331487,258
2023-11-17T21:35:55.331071,258
2023-11-17T21:35:56.331912,257
2023-11-17T21:35:57.333250,257
2023-11-17T21:35:58.334279,256
2023-11-17T21:35:59.336249,255
2023-11-17T21:36:00.337521,255
2023-11-17T21:36:01.338472,256
2023-11-17T21:36:02.338596,256
2023-11-17T21:36:03.340010,257
2023-11-17T21:36:04.339861,258
2023-11-17T21:36:05.341112,258
2023-11-17T21:36:06.343766,259
2023-11-17T21:36:07.342966,259
2023-11-17T21:36:08.345468,259
2023-11-17T21:36:09.345457,259
2023-11-17T21:36:10.347647,258
2023-11-17T21:36:11.347010,257
2023-11-17T21:36:12.348249,257
2023-11-17T21:36:13.349813,256
2023-11-17T21:36:14.350739,256
2023-11-17T21:36:15.350831,256
2023-11-17T21:36:16.352558,256
2023-11-17T21:36:17.354506,257
2023-11-17T21:36:18.355668,258
2023-11-17T21:36:19.356128,259
2023-11-17T21:36:20.357884,259
2023-11-17T21:36:21.357363,260
2023-11-17T21:36:22.358677,259
2023-11-17T21:36:23.359528,259
2023-11-17T21:36:24.360054,258
2023-11-17T21:36:25.362749,257
2023-11-17T21:36:26.363064,256
2023-11-17T21:36:27.363364,256
2023-11-17T21:36:28.363774,255
2023-11-17T21:36:29.364919,256
2023-11-17T21:36:30.367823,257
2023-11-17T21:36:31.369385,258
2023-11-17T21:36:32.368365,258
2023-11-17T21:36:33.369490,259
2023-11-17T21:36:34.371882,259
2023-11-17T21:36:35.371123,259
2023-11-17T21:36:36.372051,259
2023-11-17T21:36:37.374134,258
2023-11-17T21:36:38.374390,257
2023-11-17T21:36:39.376314,257
2023-11-17T21:36:40.376720,256
2023-11-17T21:36:41.376500,256
2023-11-17T21:36:42.377751,256
2023-11-17T21:36:43.380136,257
2023-11-17T21:36:44.380438,258
2023-11-17T21:36:45.381791,258
2023-11-17T21:36:46.383458,259
2023-11-17T21:36:47.383583,259
2023-11-17T21:36:48.384879,260
2023-11-17T21:36:49.386053,260
2023-11-17T21:36:50.386863,259
2023-11-17T21:36:51.388206,258
2023-11-17T21:36:52.387905,258
2023-11-17T21:36:53.390695,257
2023-11-17T21:36:54.390894,256
2023-11-17T21:36:55.392145,256
2023-11-17T21:36:56.393384,256
2023-11-17T21:36:57.393893,255
2023-11-17T21:36:58.394624,255
2023-11-17T21:36:59.396384,255
2023-11-17T21:37:00.397024,255
2023-11-17T21:37:01.398021,256
2023-11-17T21:37:02.398788,257
2023-11-17T21:37:03.398606,257
2023-11-17T21:37:04.399582,258
2023-11-17T21:37:05.400495,258
2023-11-17T21:37:06.402386,258
2023-11-17T21:37:07.403830,258
2023-11-17T21:37:08.403833,259
2023-11-17T21:37:09.405488,259
2023-11-17T21:37:10.407457,258
2023-11-17T21:37:11.406624,259
2023-11-17T21:37:12.407447,259
2023-11-17T21:37:13.410145,259
2023-11-17T21:37:14.410772,259
2023-11-17T21:37:15.412426,257
2023-11-17T21:37:16.411610,258
2023-11-17T21:37:17.413487,258
2023-11-17T21:37:18.413526,258
2023-11-17T21:37:19.415262,257
2023-11-17T21:37:20.416770,257
2023-11-17T21:37:21.416504,257
2023-11-17T21:37:22.418219,257
2023-11-17T21:37:23.419770,256
2023-11-17T21:37:24.420814,256
2023-11-17T21:37:25.420698,256
2023-11-17T21:37:26.422354,255
2023-11-17T21:37:27.423292,255
2023-11-17T21:37:28.424740,255
2023-11-17T21:37:29.426707,256
2023-11-17T21:37:30.425770,256
2023-11-17T21:37:31.427218,256
2023-11-17T21:37:32.427711,257
2023-11-17T21:37:33.429939,257
2023-11-17T21:37:34.431581,258
2023-11-17T21:37:35.432343,258
2023-11-17T21:37:36.431770,259
2023-11-17T21:37:37.432858,259
2023-11-17T21:37:38.433844,259
2023-11-17T21:37:39.434769,259
2023-11-17T21:37:40.437479,259
2023-11-17T21:37:41.438510,258
2023-11-17T21:37:42.439645,257
2023-11-17T21:37:43.439541,256
2023-11-17T21:37:44.440052,256
2023-11-17T21:37:45.441082,255
2023-11-17T21:37:46.443480,255
2023-11-17T21:37:47.443051,255
2023-11-17T21:37:48.445705,256
2023-11-17T21:37:49.447158,257
2023-11-17T21:37:50.447324,258
2023-11-17T21:37:51.446991,259
2023-11-17T21:37:52.448856,259
2023-11-17T21:37:53.448588,259
2023-11-17T21:37:54.449366,259
2023-11-17T21:37:55.450290,258
2023-11-17T21:37:56.452586,257
2023-11-17T21:37:57.452156,256
2023-11-17T21:37:58.454020,255
2023-11-17T21:37:59.455272,255
2023-11-17T21:38:00.457345,255
2023-11-17T21:38:01.457435,256
2023-11-17T21:38:02.457752,257
2023-11-17T21:38:03.459197,258
2023-11-17T21:38:04.461514,258
2023-11-17T21:38:05.462714,259
2023-11-17T21:38:06.463268,259
2023-11-17T21:38:07.464076,259
2023-11-17T21:38:08.464795,258
2023-11-17T21:38:09.466611,257
2023-11-17T21:38:10.465616,257
2023-11-17T21:38:11.467584,253
2023-11-17T21:38:12.468628,251
2023-11-17T21:38:13.470283,251
2023-11-17T21:38:14.471627,252
2023-11-17T21:38:15.472462,254
2023-11-17T21:38:16.471929,256
2023-11-17T21:38:17.473480,257
2023-11-17T21:38:18.473274,260
2023-11-17T21:38:19.476072,261
2023-11-17T21:38:20.475922,262
2023-11-17T21:38:21.478444,263
2023-11-17T21:38:22.478069,261
2023-11-17T21:38:23.479803,262
2023-11-17T21:38:24.480836,262
2023-11-17T21:38:25.481088,261
2023-11-17T21:38:26.483325,261
2023-11-17T21:38:27.484877,261
2023-11-17T21:38:28.488211,262
2023-11-17T21:38:29.485387,264
2023-11-17T21:38:30.485169,264
2023-11-17T21:38:31.488087,265
2023-11-17T21:38:32.488180,266
2023-11-17T21:38:33.489940,266
2023-11-17T21:38:34.490149,266
2023-11-17T21:38:35.493700,266
2023-11-17T21:38:36.492810,265
2023-11-17T21:38:37.494540,264
2023-11-17T21:38:38.494594,264
2023-11-17T21:38:39.496577,263
2023-11-17T21:38:40.497084,263
2023-11-17T21:38:41.497442,263
2023-11-17T21:38:42.499911,263
2023-11-17T21:38:43.498939,264
2023-11-17T21:38:44.502068,265
2023-11-17T21:38:45.500702,265
2023-11-17T21:38:46.502149,265
2023-11-17T21:38:47.502150,267
2023-11-17T21:38:48.504431,267
2023-11-17T21:38:49.504737,267
2023-11-17T21:38:50.506975,267
2023-11-17T21:38:51.506895,266
2023-11-17T21:38:52.507429,265
2023-11-17T21:38:53.510335,265
2023-11-17T21:38:54.511263,264
2023-11-17T21:38:55.512098,263
2023-11-17T21:38:56.513235,263
2023-11-17T21:38:57.512910,263
2023-11-17T21:38:58.515723,263
2023-11-17T21:38:59.514462,264
2023-11-17T21:39:00.516444,265
2023-11-17T21:39:01.518201,265
2023-11-17T21:39:02.518607,266
2023-11-17T21:39:03.518401,267
2023-11-17T21:39:04.519987,267
2023-11-17T21:39:05.521639,267
2023-11-17T21:39:06.522058,266
2023-11-17T21:39:07.523106,266
2023-11-17T21:39:08.524402,265
2023-11-17T21:39:09.525858,265
2023-11-17T21:39:10.524912,264
2023-11-17T21:39:11.527828,264
2023-11-17T21:39:12.528131,263
2023-11-17T21:39:13.528118,263
2023-11-17T21:39:14.529580,263
2023-11-17T21:39:15.531963,263
2023-11-17T21:39:16.532174,264
2023-11-17T21:39:17.532480,264
2023-11-17T21:39:18.533922,265
2023-11-17T21:39:19.536461,266
2023-11-17T21:39:20.537725,266
2023-11-17T21:39:21.537462,267
2023-11-17T21:39:22.538923,267
2023-11-17T21:39:23.538101,267
2023-11-17T21:39:24.540234,267
2023-11-17T21:39:25.540651,266
2023-11-17T21:39:26.541162,265
2023-11-17T21:39:27.542203,265
2023-11-17T21:39:28.543652,264
2023-11-17T21:39:29.545723,263
2023-11-17T21:39:30.546554,262
2023-11-17T21:39:31.546433,263
2023-11-17T21:39:32.547781,263
2023-11-17T21:39:33.549952,264
2023-11-17T21:39:34.550767,265
2023-11-17T21:39:35.552051,266
2023-11-17T21:39:36.551628,266
2023-11-17T21:39:37.553703,267
2023-11-17T21:39:38.553464,267
2023-11-17T21:39:39.554976,267
2023-11-17T21:39:40.557232,266
2023-11-17T21:39:41.556621,265
2023-11-17T21:39:42.557333,264
2023-11-17T21:39:43.558682,263
2023-11-17T21:39:44.559916,263
2023-11-17T21:39:45.561044,263
2023-11-17T21:39:46.561874,264
2023-11-17T21:39:47.562584,265
2023-11-17T21:39:48.563310,265
2023-11-17T21:39:49.564127,266
2023-11-17T21:39:50.565152,266
2023-11-17T21:39:51.566957,266
2023-11-17T21:39:52.567793,267
2023-11-17T21:39:53.569522,266
2023-11-17T21:39:54.569611,265
2023-11-17T21:39:55.569567,264
2023-11-17T21:39:56.572161,263
2023-11-17T21:39:57.571944,263
2023-11-17T21:39:58.573176,262
2023-11-17T21:39:59.574734,263
2023-11-17T21:40:00.575968,264
2023-11-17T21:40:01.577512,265
2023-11-17T21:40:02.577300,265
2023-11-17T21:40:03.580096,266
2023-11-17T21:40:04.579557,266
2023-11-17T21:40:05.581220,266
2023-11-17T21:40:06.582038,266
2023-11-17T21:40:07.583625,264
2023-11-17T21:40:08.584473,265
2023-11-17T21:40:09.586179,264
2023-11-17T21:40:10.585363,263
2023-11-17T21:40:11.586871,263
2023-11-17T21:40:12.586495,262
2023-11-17T21:40:13.588935,263
2023-11-17T21:40:14.589438,264
2023-11-17T21:40:15.590996,265
2023-11-17T21:40:16.591314,266
2023-11-17T21:40:17.594231,266
2023-11-17T21:40:18.593981,267
2023-11-17T21:40:19.594381,267
2023-11-17T21:40:20.596589,266
2023-11-17T21:40:21.596963,265
2023-11-17T21:40:22.598408,264
2023-11-17T21:40:23.599779,263
2023-11-17T21:40:24.600465,263
2023-11-17T21:40:25.600136,263
2023-11-17T21:40:26.602319,264
2023-11-17T21:40:27.603193,265
2023-11-17T21:40:28.603522,265
2023-11-17T21:40:29.604861,266
2023-11-17T21:40:30.605172,266
2023-11-17T21:40:31.606426,267
2023-11-17T21:40:32.606513,266
2023-11-17T21:40:33.607331,265
2023-11-17T21:40:34.609932,264
2023-11-17T21:40:35.610746,263
2023-11-17T21:40:36.611759,263
2023-11-17T21:40:37.612707,263
2023-11-17T21:40:38.614254,264
2023-11-17T21:40:39.614236,265
2023-11-17T21:40:40.615378,266
2023-11-17T21:40:41.616195,267
2023-11-17T21:40:42.618765,267
2023-11-17T21:40:43.619809,266
2023-11-17T21:40:44.618688,266
2023-11-17T21:40:45.620425,265
2023-11-17T21:40:46.621553,264
2023-11-17T21:40:47.622786,263
2023-11-17T21:40:48.623094,263
2023-11-17T21:40:49.625255,264
2023-11-17T21:40:50.624638,264
2023-11-17T21:40:51.625350,265
2023-11-17T21:40:52.628563,266
2023-11-17T21:40:53.627829,267
2023-11-17T21:40:54.629688,267
2023-11-17T21:40:55.630507,267
2023-11-17T21:40:56.631114,266
2023-11-17T21:40:57.632254,265
2023-11-17T21:40:58.632668,265
2023-11-17T21:40:59.635253,264
2023-11-17T21:41:00.635342,263
2023-11-17T21:41:01.637838,262
2023-11-17T21:41:02.637614,262
2023-11-17T21:41:03.637284,263
2023-11-17T21:41:04.638813,264
2023-11-17T21:41:05.639441,265
2023-11-17T21:41:06.640804,266
2023-11-17T21:41:07.643076,267
2023-11-17T21:41:08.642955,267
2023-11-17T21:41:09.643265,267
2023-11-17T21:41:10.643979,267
2023-11-17T21:41:11.646567,266
2023-11-17T21:41:12.646755,266
2023-11-17T21:41:13.648822,265
2023-11-17T21:41:14.650290,264
2023-11-17T21:41:15.650693,263
2023-11-17T21:41:16.651000,263
2023-11-17T21:41:17.651401,263
2023-11-17T21:41:18.653781,263
2023-11-17T21:41:19.653702,264
2023-11-17T21:41:20.656877,265
2023-11-17T21:41:21.658639,265
2023-11-17T21:41:22.657490,266
2023-11-17T21:41:23.657161,267
2023-11-17T21:41:24.658408,267
2023-11-17T21:41:25.660476,267
2023-11-17T21:41:26.661368,267
2023-11-17T21:41:27.662737,266
2023-11-17T21:41:28.663251,265
2023-11-17T21:41:29.663338,264
2023-11-17T21:41:30.664171,264
2023-11-17T21:41:31.665613,263
2023-11-17T21:41:32.667359,263
2023-11-17T21:41:33.668404,263
2023-11-17T21:41:34.669221,264
2023-11-17T21:41:35.670988,265
2023-11-17T21:41:36.671179,265
2023-11-17T21:41:37.673455,266
2023-11-17T21:41:38.673027,267
2023-11-17T21:41:39.673739,267
2023-11-17T21:41:40.674682,267
2023-11-17T21:41:41.674978,267
2023-11-17T21:41:42.677773,266
2023-11-17T21:41:43.678499,266
2023-11-17T21:41:44.678483,265
2023-11-17T21:41:45.680038,265
2023-11-17T21:41:46.680516,264
2023-11-17T21:41:47.681139,264
2023-11-17T21:41:48.683132,263
2023-11-17T21:41:49.683775,263
2023-11-17T21:41:50.684705,263
2023-11-17T21:41:51.685510,264
2023-11-17T21:41:52.686309,264
2023-11-17T21:41:53.688397,264
2023-11-17T21:41:54.688224,265
2023-11-17T21:41:55.691005,265
2023-11-17T21:41:56.691219,266
2023-11-17T21:41:57.691775,266
2023-11-17T21:41:58.692670,266
2023-11-17T21:41:59.693109,267
2023-11-17T21:42:00.694866,267
2023-11-17T21:42:01.697465,266
2023-11-17T21:42:02.696615,266
2023-11-17T21:42:03.696911,266
2023-11-17T21:42:04.699409,265
2023-11-17T21:42:05.700524,265
2023-11-17T21:42:06.700103,265
2023-11-17T21:42:07.702392,265
2023-11-17T21:42:08.703315,261
2023-11-17T21:42:09.703700,264
2023-11-17T21:42:10.704209,264
2023-11-17T21:42:11.705361,264
2023-11-17T21:42:12.705568,263
2023-11-17T21:42:13.707426,264
2023-11-17T21:42:14.708974,264
2023-11-17T21:42:15.710115,264
2023-11-17T21:42:16.711499,265
2023-11-17T21:42:17.711543,265
2023-11-17T21:42:18.713727,265
2023-11-17T21:42:19.714648,266
2023-11-17T21:42:20.715582,266
2023-11-17T21:42:21.716193,266
2023-11-17T21:42:22.718347,266
2023-11-17T21:42:23.717213,266
2023-11-17T21:42:24.719494,266
2023-11-17T21:42:25.718760,265
2023-11-17T21:42:26.721244,265
2023-11-17T21:42:27.721228,265
2023-11-17T21:42:28.722341,264
2023-11-17T21:42:29.722978,263
2023-11-17T21:42:30.723699,263
2023-11-17T21:42:31.725563,262
2023-11-17T21:42:32.725967,262
2023-11-17T21:42:33.727524,261
2023-11-17T21:42:34.727292,263
2023-11-17T21:42:35.729983,264
2023-11-17T21:42:36.730169,265
2023-11-17T21:42:37.731111,265
2023-11-17T21:42:38.732357,266
2023-11-17T21:42:39.732352,266
2023-11-17T21:42:40.734105,266
2023-11-17T21:42:41.740251,267
2023-11-17T21:42:42.737525,266
2023-11-17T21:42:43.737083,265
2023-11-17T21:42:44.738537,264
2023-11-17T21:42:45.739990,264
2023-11-17T21:42:46.740806,263
2023-11-17T21:42:47.741117,263
2023-11-17T21:42:48.742560,263
2023-11-17T21:42:49.744851,264
2023-11-17T21:42:50.744619,264
2023-11-17T21:42:51.744914,265
2023-11-17T21:42:52.747513,266
2023-11-17T21:42:53.747714,266
2023-11-17T21:42:54.747923,267
2023-11-17T21:42:55.750197,266
2023-11-17T21:42:56.750807,265
2023-11-17T21:42:57.750594,264
2023-11-17T21:42:58.753099,262
2023-11-17T21:42:59.754208,263
2023-11-17T21:43:00.755911,263
2023-11-17T21:43:01.755232,263
2023-11-17T21:43:02.756482,264
2023-11-17T21:43:03.758131,264
2023-11-17T21:43:04.758919,265
2023-11-17T21:43:05.760896,266
2023-11-17T21:43:06.761213,266
2023-11-17T21:43:07.761813,267
2023-11-17T21:43:08.763475,267
2023-11-17T21:43:09.763477,268
2023-11-17T21:43:10.764104,267
2023-11-17T21:43:11.766586,266
2023-11-17T21:43:12.765008,264
2023-11-17T21:43:13.768339,263
2023-11-17T21:43:14.767689,263
2023-11-17T21:43:15.769048,263
2023-11-17T21:43:16.770388,264
2023-11-17T21:43:17.771205,264
2023-11-17T21:43:18.773078,265
2023-11-17T21:43:19.774312,266
2023-11-17T21:43:20.775101,266
2023-11-17T21:43:21.775649,267
2023-11-17T21:43:22.776468,266
2023-11-17T21:43:23.776880,266
2023-11-17T21:43:24.777699,265
2023-11-17T21:43:25.778828,264
2023-11-17T21:43:26.781088,263
2023-11-17T21:43:27.781716,262
2023-11-17T21:43:28.781934,262
2023-11-17T21:43:29.784419,263
2023-11-17T21:43:30.784402,264
2023-11-17T21:43:31.784921,265
2023-11-17T21:43:32.785425,265
2023-11-17T21:43:33.787067,266
2023-11-17T21:43:34.788221,266
2023-11-17T21:43:35.789246,266
2023-11-17T21:43:36.789661,266
2023-11-17T21:43:37.791000,265
2023-11-17T21:43:38.791295,264
2023-11-17T21:43:39.792868,263
2023-11-17T21:43:40.794612,263
2023-11-17T21:43:41.795845,262
2023-11-17T21:43:42.795117,262
2023-11-17T21:43:43.797971,263
2023-11-17T21:43:44.799685,264
2023-11-17T21:43:45.800601,264
2023-11-17T21:43:46.799544,265
2023-11-17T21:43:47.801866,266
2023-11-17T21:43:48.802757,266
2023-11-17T21:43:49.802324,266
2023-11-17T21:43:50.803050,265
2023-11-17T21:43:51.806055,265
2023-11-17T21:43:52.806574,264
2023-11-17T21:43:53.806349,263
2023-11-17T21:43:54.807784,262
2023-11-17T21:43:55.809031,262
2023-11-17T21:43:56.810274,262
2023-11-17T21:43:57.811927,263
2023-11-17T21:43:58.810918,264
2023-11-17T21:43:59.814048,264
2023-11-17T21:44:00.813801,265
2023-11-17T21:44:01.814991,266
2023-11-17T21:44:02.815522,266
2023-11-17T21:44:03.817497,266
2023-11-17T21:44:04.817586,266
2023-11-17T21:44:05.818925,265
2023-11-17T21:44:06.821633,265
2023-11-17T21:44:07.821524,264
2023-11-17T21:44:08.822074,263
2023-11-17T21:44:09.822361,263
2023-11-17T21:44:10.824919,263
2023-11-17T21:44:11.824185,264
2023-11-17T21:44:12.825929,264
2023-11-17T21:44:13.828009,265
2023-11-17T21:44:14.828740,266
2023-11-17T21:44:15.827899,266
2023-11-17T21:44:16.829330,266
2023-11-17T21:44:17.831830,266
2023-11-17T21:44:18.832439,265
2023-11-17T21:44:19.831707,264
2023-11-17T21:44:20.833566,263
2023-11-17T21:44:21.834907,263
2023-11-17T21:44:22.836470,262
2023-11-17T21:44:23.837011,262
2023-11-17T21:44:24.837105,263
2023-11-17T21:44:25.838316,264
2023-11-17T21:44:26.839857,265
2023-11-17T21:44:27.840169,266
2023-11-17T21:44:28.841598,266
2023-11-17T21:44:29.842844,266
2023-11-17T21:44:30.844926,266
2023-11-17T21:44:31.843660,265
2023-11-17T21:44:32.844896,265
2023-11-17T21:44:33.846455,264
2023-11-17T21:44:34.848004,263
2023-11-17T21:44:35.847899,262
2023-11-17T21:44:36.849966,263
2023-11-17T21:44:37.851408,262
2023-11-17T21:44:38.852047,263
2023-11-17T21:44:39.853281,264
2023-11-17T21:44:40.852807,265
2023-11-17T21:44:41.854839,265
2023-11-17T21:44:42.856256,266
2023-11-17T21:44:43.857697,266
2023-11-17T21:44:44.857753,266
2023-11-17T21:44:45.857886,266
2023-11-17T21:44:46.860705,265
2023-11-17T21:44:47.861831,265
2023-11-17T21:44:48.861295,264
2023-11-17T21:44:49.862230,263
2023-11-17T21:44:50.864092,263
2023-11-17T21:44:51.864910,262
2023-11-17T21:44:52.864595,262
2023-11-17T21:44:53.865827,262
2023-11-17T21:44:54.867358,263
2023-11-17T21:44:55.870218,263
2023-11-17T21:44:56.868529,264
2023-11-17T21:44:57.870305,265
2023-11-17T21:44:58.872761,265
2023-11-17T21:44:59.873784,266
2023-11-17T21:45:00.873529,266
2023-11-17T21:45:01.875435,266
2023-11-17T21:45:02.874691,266
2023-11-17T21:45:03.877955,266
2023-11-17T21:45:04.877070,265
2023-11-17T21:45:05.878945,265
2023-11-17T21:45:06.879552,264
2023-11-17T21:45:07.881411,264
2023-11-17T21:45:08.881466,263
2023-11-17T21:45:09.882367,263
2023-11-17T21:45:10.883371,263
2023-11-17T21:45:11.883994,263
2023-11-17T21:45:12.885634,263
2023-11-17T21:45:13.886570,263
2023-11-17T21:45:14.891662,264
2023-11-17T21:45:15.887909,264
2023-11-17T21:45:16.890911,264
2023-11-17T21:45:17.891941,265
2023-11-17T21:45:18.890988,265
2023-11-17T21:45:19.892445,266
2023-11-17T21:45:20.894097,266
2023-11-17T21:45:21.893872,266
2023-11-17T21:45:22.895851,266
2023-11-17T21:45:23.896921,266
2023-11-17T21:45:24.896396,266
2023-11-17T21:45:25.898580,265
2023-11-17T21:45:26.900435,265
2023-11-17T21:45:27.901415,264
2023-11-17T21:45:28.900581,264
2023-11-17T21:45:29.902022,263
2023-11-17T21:45:30.903937,263
2023-11-17T21:45:31.903357,263
2023-11-17T21:45:32.905637,262
2023-11-17T21:45:33.906258,263
2023-11-17T21:45:34.906870,263
2023-11-17T21:45:35.909890,264
2023-11-17T21:45:36.908834,265
2023-11-17T21:45:37.909339,265
2023-11-17T21:45:38.911033,266
2023-11-17T21:45:39.912753,266
2023-11-17T21:45:40.915153,266
2023-11-17T21:45:41.914468,266
2023-11-17T21:45:42.915740,266
2023-11-17T21:45:43.915628,265
2023-11-17T21:45:44.916866,264
2023-11-17T21:45:45.918095,264
2023-11-17T21:45:46.920052,263
2023-11-17T21:45:47.920912,263
2023-11-17T21:45:48.922778,263
2023-11-17T21:45:49.922251,263
2023-11-17T21:45:50.922738,264
2023-11-17T21:45:51.925548,265
2023-11-17T21:45:52.925443,265
2023-11-17T21:45:53.928204,266
2023-11-17T21:45:54.927244,266
2023-11-17T21:45:55.928853,266
2023-11-17T21:45:56.929567,265
2023-11-17T21:45:57.930818,264
2023-11-17T21:45:58.932840,264
2023-11-17T21:45:59.931202,263
2023-11-17T21:46:00.932869,262
2023-11-17T21:46:01.934415,262
2023-11-17T21:46:02.935338,263
2023-11-17T21:46:03.936066,264
2023-11-17T21:46:04.937092,265
2023-11-17T21:46:05.938969,266
2023-11-17T21:46:06.938530,266
2023-11-17T21:46:07.941194,266
2023-11-17T21:46:08.941956,266
2023-11-17T21:46:09.941315,265
2023-11-17T21:46:10.943177,264
2023-11-17T21:46:11.943799,263
2023-11-17T21:46:12.946493,262
2023-11-17T21:46:13.946163,262
2023-11-17T21:46:14.946060,263
2023-11-17T21:46:15.947613,263
2023-11-17T21:46:16.948649,264
2023-11-17T21:46:17.951238,265
2023-11-17T21:46:18.951432,266
2023-11-17T21:46:19.953286,266
2023-11-17T21:46:20.953177,266
2023-11-17T21:46:21.955259,265
2023-11-17T21:46:22.955672,264
2023-11-17T21:46:23.955657,264
2023-11-17T21:46:24.957772,263
2023-11-17T21:46:25.957202,262
2023-11-17T21:46:26.959688,262
2023-11-17T21:46:27.959908,263
2023-11-17T21:46:28.960195,264
2023-11-17T21:46:29.962365,264
2023-11-17T21:46:30.964240,265
2023-11-17T21:46:31.964016,266
2023-11-17T21:46:32.964850,266
2023-11-17T21:46:33.967111,266
2023-11-17T21:46:34.966904,265
2023-11-17T21:46:35.967631,264
2023-11-17T21:46:36.969284,263
2023-11-17T21:46:37.970310,263
2023-11-17T21:46:38.971923,262
2023-11-17T21:46:39.971533,262
2023-11-17T21:46:40.972889,263
2023-11-17T21:46:41.973091,264
2023-11-17T21:46:42.974744,264
2023-11-17T21:46:43.976825,265
2023-11-17T21:46:44.978374,266
2023-11-17T21:46:45.978776,266
2023-11-17T21:46:46.980118,266
2023-11-17T21:46:47.979941,265
2023-11-17T21:46:48.982830,264
2023-11-17T21:46:49.981024,264
2023-11-17T21:46:50.982270,263
2023-11-17T21:46:51.984352,262
2023-11-17T21:46:52.984962,262
2023-11-17T21:46:53.985364,263
2023-11-17T21:46:54.987443,263
2023-11-17T21:46:55.988362,264
2023-11-17T21:46:56.988666,264
2023-11-17T21:46:57.989486,265
2023-11-17T21:46:58.991242,266
2023-11-17T21:46:59.991669,266
2023-11-17T21:47:00.992699,266
2023-11-17T21:47:01.992893,265
2023-11-17T21:47:02.995182,264
2023-11-17T21:47:03.996209,263
2023-11-17T21:47:04.998193,262
2023-11-17T21:47:05.998292,262
2023-11-17T21:47:06.998680,262
2023-11-17T21:47:07.999943,263
2023-11-17T21:47:09.002310,264
2023-11-17T21:47:10.002516,265
2023-11-17T21:47:11.002084,265
2023-11-17T21:47:12.002946,266
2023-11-17T21:47:13.006237,266
2023-11-17T21:47:14.005493,266
2023-11-17T21:47:15.005991,265
2023-11-17T21:47:16.008187,264
2023-11-17T21:47:17.010150,264
2023-11-17T21:47:18.009750,263
2023-11-17T21:47:19.009916,263
2023-11-17T21:47:20.012089,262
2023-11-17T21:47:21.016883,262
2023-11-17T21:47:22.015387,263
2023-11-17T21:47:23.015183,264
2023-11-17T21:47:24.015995,265
2023-11-17T21:47:25.017456,265
2023-11-17T21:47:26.017557,266
2023-11-17T21:47:27.019319,266
2023-11-17T21:47:28.019732,266
2023-11-17T21:47:29.022128,266
2023-11-17T21:47:30.023049,265
2023-11-17T21:47:31.023140,264
2023-11-17T21:47:32.023243,264
2023-11-17T21:47:33.025074,263
2023-11-17T21:47:34.025487,262
2023-11-17T21:47:35.026831,262
2023-11-17T21:47:36.027980,262
2023-11-17T21:47:37.028170,263
2023-11-17T21:47:38.030774,263
2023-11-17T21:47:39.032025,264
2023-11-17T21:47:40.030779,264
2023-11-17T21:47:41.033571,265
2023-11-17T21:47:42.034715,265
2023-11-17T21:47:43.034497,266
2023-11-17T21:47:44.036656,266
2023-11-17T21:47:45.036609,265
2023-11-17T21:47:46.037643,265
2023-11-17T21:47:47.040307,264
2023-11-17T21:47:48.038864,264
2023-11-17T21:47:49.040371,263
2023-11-17T21:47:50.041098,262
2023-11-17T21:47:51.043272,262
2023-11-17T21:47:52.043573,262
2023-11-17T21:47:53.044995,262
2023-11-17T21:47:54.047066,262
2023-11-17T21:47:55.048241,263
2023-11-17T21:47:56.047289,263
2023-11-17T21:47:57.049672,264
2023-11-17T21:47:58.049982,264
2023-11-17T21:47:59.050801,265
2023-11-17T21:48:00.052292,265
2023-11-17T21:48:01.052919,265
2023-11-17T21:48:02.055113,265
2023-11-17T21:48:03.056392,265
2023-11-17T21:48:04.054704,265
2023-11-17T21:48:05.057805,263
2023-11-17T21:48:06.058034,264
2023-11-17T21:48:07.058330,263
2023-11-17T21:48:08.058523,262
2023-11-17T21:48:09.059776,262
2023-11-17T21:48:10.062781,262
2023-11-17T21:48:11.063690,262
2023-11-17T21:48:12.062547,262
2023-11-17T21:48:13.065863,263
2023-11-17T21:48:14.065972,264
2023-11-17T21:48:15.066472,264
2023-11-17T21:48:16.066831,264
2023-11-17T21:48:17.069389,265
2023-11-17T21:48:18.071143,265
2023-11-17T21:48:19.069375,265
2023-11-17T21:48:20.072484,265
2023-11-17T21:48:21.073826,265
2023-11-17T21:48:22.073615,264
2023-11-17T21:48:23.074955,263
2023-11-17T21:48:24.075937,263
2023-11-17T21:48:25.076931,262
2023-11-17T21:48:26.078838,262
2023-11-17T21:48:27.078018,262
2023-11-17T21:48:28.078647,262
2023-11-17T21:48:29.080209,262
2023-11-17T21:48:30.081769,263
2023-11-17T21:48:31.083214,263
2023-11-17T21:48:32.084672,264
2023-11-17T21:48:33.085179,265
2023-11-17T21:48:34.085592,265
2023-11-17T21:48:35.086206,266
2023-11-17T21:48:36.087649,266
2023-11-17T21:48:37.088573,265
2023-11-17T21:48:38.090445,265
2023-11-17T21:48:39.091162,264
2023-11-17T21:48:40.090848,263
2023-11-17T21:48:41.092607,262
2023-11-17T21:48:42.094884,262
2023-11-17T21:48:43.093426,262
2023-11-17T21:48:44.094868,262
2023-11-17T21:48:45.097034,263
2023-11-17T21:48:46.096802,264
2023-11-17T21:48:47.098278,264
2023-11-17T21:48:48.100569,265
2023-11-17T21:48:49.100035,266
2023-11-17T21:48:50.100542,265
2023-11-17T21:48:51.101581,265
2023-11-17T21:48:52.102890,264
2023-11-17T21:48:53.104055,263
2023-11-17T21:48:54.105093,262
2023-11-17T21:48:55.105496,260
2023-11-17T21:48:56.106849,261
2023-11-17T21:48:57.107982,262
2023-11-17T21:48:58.108357,263
2023-11-17T21:48:59.111393,264
2023-11-17T21:49:00.112121,265
2023-11-17T21:49:01.112107,265
2023-11-17T21:49:02.112314,266
2023-11-17T21:49:03.114279,265
2023-11-17T21:49:04.116881,264
2023-11-17T21:49:05.116554,263
2023-11-17T21:49:06.117052,262
2023-11-17T21:49:07.118832,262
2023-11-17T21:49:08.120693,262
2023-11-17T21:49:09.120281,263
2023-11-17T21:49:10.122240,263
2023-11-17T21:49:11.122122,264
2023-11-17T21:49:12.123985,265
2023-11-17T21:49:13.125431,265
2023-11-17T21:49:14.126781,266
2023-11-17T21:49:15.125948,266
2023-11-17T21:49:16.126246,265
2023-11-17T21:49:17.129149,264
2023-11-17T21:49:18.129418,263
2023-11-17T21:49:19.131310,262
2023-11-17T21:49:20.130174,262
2023-11-17T21:49:21.131411,262
2023-11-17T21:49:22.132646,262
2023-11-17T21:49:23.135982,263
2023-11-17T21:49:24.135027,264
2023-11-17T21:49:25.137586,265
2023-11-17T21:49:26.138939,266
2023-11-17T21:49:27.139583,266
2023-11-17T21:49:28.139684,265
2023-11-17T21:49:29.139903,264
2023-11-17T21:49:30.142156,264
2023-11-17T21:49:31.141116,262
2023-11-17T21:49:32.142937,262
2023-11-17T21:49:33.145310,262
2023-11-17T21:49:34.146384,262
2023-11-17T21:49:35.145310,263
2023-11-17T21:49:36.148422,264
2023-11-17T21:49:37.149780,265
2023-11-17T21:49:38.149027,266
2023-11-17T21:49:39.149053,266
2023-11-17T21:49:40.151074,265
2023-11-17T21:49:41.152322,264
2023-11-17T21:49:42.155062,263
2023-11-17T21:49:43.154719,263
2023-11-17T21:49:44.155566,262
2023-11-17T21:49:45.156820,262
2023-11-17T21:49:46.157533,262
2023-11-17T21:49:47.158926,263
2023-11-17T21:49:48.159057,264
2023-11-17T21:49:49.161256,265
2023-11-17T21:49:50.161347,265
2023-11-17T21:49:51.163117,266
2023-11-17T21:49:52.162698,266
2023-11-17T21:49:53.164977,265
2023-11-17T21:49:54.164859,264
2023-11-17T21:49:55.167502,263
2023-11-17T21:49:56.167855,262
2023-11-17T21:49:57.167703,262
2023-11-17T21:49:58.168449,261
2023-11-17T21:49:59.171577,262
2023-11-17T21:50:00.171142,262
2023-11-17T21:50:01.171052,263
2023-11-17T21:50:02.172219,264
2023-11-17T21:50:03.173489,264
2023-11-17T21:50:04.176545,265
2023-11-17T21:50:05.176740,265
2023-11-17T21:50:06.176737,265
2023-11-17T21:50:07.178784,265
2023-11-17T21:50:08.179169,265
2023-11-17T21:50:09.180453,264
2023-11-17T21:50:10.182630,263
2023-11-17T21:50:11.181903,263
2023-11-17T21:50:12.182306,262
2023-11-17T21:50:13.184794,262
2023-11-17T21:50:14.186147,262
2023-11-17T21:50:15.185148,262
2023-11-17T21:50:16.186226,263
2023-11-17T21:50:17.187682,264
2023-11-17T21:50:18.189438,264
2023-11-17T21:50:19.190828,264
2023-11-17T21:50:20.190659,265
2023-11-17T21:50:21.193837,266
2023-11-17T21:50:22.192118,265
2023-11-17T21:50:23.194085,265
2023-11-17T21:50:24.195633,264
2023-11-17T21:50:25.195008,264
2023-11-17T21:50:26.197597,263
2023-11-17T21:50:27.197569,262
2023-11-17T21:50:28.199010,262
2023-11-17T21:50:29.199327,262
2023-11-17T21:50:30.200485,262
2023-11-17T21:50:31.201825,263
2023-11-17T21:50:32.202019,264
2023-11-17T21:50:33.204833,264
2023-11-17T21:50:34.205442,265
2023-11-17T21:50:35.204982,265
2023-11-17T21:50:36.208033,265
2023-11-17T21:50:37.209270,265
2023-11-17T21:50:38.208840,265
2023-11-17T21:50:39.209881,264
2023-11-17T21:50:40.210388,264
2023-11-17T21:50:41.212980,263
2023-11-17T21:50:42.213810,262
2023-11-17T21:50:43.214422,262
2023-11-17T21:50:44.215461,262
2023-11-17T21:50:45.216491,263
2023-11-17T21:50:46.216789,263
2023-11-17T21:50:47.217278,264
2023-11-17T21:50:48.218742,264
2023-11-17T21:50:49.219889,264
2023-11-17T21:50:50.220293,265
2023-11-17T21:50:51.222051,265
2023-11-17T21:50:52.223192,265
2023-11-17T21:50:53.225727,264
2023-11-17T21:50:54.226186,263
2023-11-17T21:50:55.227345,262
2023-11-17T21:50:56.228479,262
2023-11-17T21:50:57.228893,262
2023-11-17T21:50:58.230447,262
2023-11-17T21:50:59.228778,263
2023-11-17T21:51:00.232053,264
2023-11-17T21:51:01.231343,265
2023-11-17T21:51:02.232827,265
2023-11-17T21:51:03.233825,265
2023-11-17T21:51:04.235339,265
2023-11-17T21:51:05.236743,264
2023-11-17T21:51:06.238175,264
2023-11-17T21:51:07.237756,263
2023-11-17T21:51:08.237858,262
2023-11-17T21:51:09.239097,262
2023-11-17T21:51:10.241478,262
2023-11-17T21:51:11.242519,263
2023-11-17T21:51:12.242909,263
2023-11-17T21:51:13.244791,264
2023-11-17T21:51:14.245399,265
2023-11-17T21:51:15.247259,265
2023-11-17T21:51:16.247259,266
2023-11-17T21:51:17.248790,265
2023-11-17T21:51:18.248904,264
2023-11-17T21:51:19.250878,263
2023-11-17T21:51:20.251394,263
2023-11-17T21:51:21.251314,262
2023-11-17T21:51:22.252318,262
2023-11-17T21:51:23.254595,262
2023-11-17T21:51:24.254387,262
2023-11-17T21:51:25.255504,263
2023-11-17T21:51:26.257276,264
2023-11-17T21:51:27.257796,265
2023-11-17T21:51:28.258824,264
2023-11-17T21:51:29.260590,266
2023-11-17T21:51:30.261102,265
2023-11-17T21:51:31.261703,265
2023-11-17T21:51:32.263852,264
2023-11-17T21:51:33.264217,263
2023-11-17T21:51:34.265718,262
2023-11-17T21:51:35.265946,262
2023-11-17T21:51:36.266765,262
2023-11-17T21:51:37.268538,262
2023-11-17T21:51:38.269472,263
2023-11-17T21:51:39.271021,263
2023-11-17T21:51:40.270811,264
2023-11-17T21:51:41.271111,265
2023-11-17T21:51:42.271944,265
2023-11-17T21:51:43.273461,265
2023-11-17T21:51:44.273653,265
2023-11-17T21:51:45.275446,264
2023-11-17T21:51:46.277924,264
2023-11-17T21:51:47.277930,263
2023-11-17T21:51:48.278555,262
2023-11-17T21:51:49.280105,262
2023-11-17T21:51:50.281875,262
2023-11-17T21:51:51.282174,262
2023-11-17T21:51:52.283623,263
2023-11-17T21:51:53.283397,264
2023-11-17T21:51:54.285917,264
2023-11-17T21:51:55.285466,264
2023-11-17T21:51:56.285779,265
2023-11-17T21:51:57.287327,265
2023-11-17T21:51:58.289806,265
2023-11-17T21:51:59.288772,264
2023-11-17T21:52:00.290529,263
2023-11-17T21:52:01.292613,262
2023-11-17T21:52:02.292181,262
2023-11-17T21:52:03.294390,261
2023-11-17T21:52:04.294865,262
2023-11-17T21:52:05.295476,262
2023-11-17T21:52:06.297764,263
2023-11-17T21:52:07.297452,264
2023-11-17T21:52:08.299211,265
2023-11-17T21:52:09.299002,265
2023-11-17T21:52:10.300448,264
2023-11-17T21:52:11.302308,265
2023-11-17T21:52:12.302922,264
2023-11-17T21:52:13.303623,263
2023-11-17T21:52:14.304005,262
2023-11-17T21:52:15.306209,261
2023-11-17T21:52:16.306523,261
2023-11-17T21:52:17.308608,262
2023-11-17T21:52:18.309544,263
2023-11-17T21:52:19.308596,263
2023-11-17T21:52:20.311928,264
2023-11-17T21:52:21.311080,265
2023-11-17T21:52:22.312955,265
2023-11-17T21:52:23.313347,266
2023-11-17T21:52:24.314354,265
2023-11-17T21:52:25.316671,264
2023-11-17T21:52:26.316264,263
2023-11-17T21:52:27.318839,263
2023-11-17T21:52:28.319045,261
2023-11-17T21:52:29.319242,262
2023-11-17T21:52:30.321825,262
2023-11-17T21:52:31.321613,263
2023-11-17T21:52:32.323451,264
2023-11-17T21:52:33.324669,264
2023-11-17T21:52:34.325649,265
2023-11-17T21:52:35.324786,265
2023-11-17T21:52:36.327206,265
2023-11-17T21:52:37.328446,265
2023-11-17T21:52:38.329485,263
2023-11-17T21:52:39.329369,263
2023-11-17T21:52:40.332169,262
2023-11-17T21:52:41.331855,261
2023-11-17T21:52:42.332676,261
2023-11-17T21:52:43.334222,262
2023-11-17T21:52:44.334322,263
2023-11-17T21:52:45.336203,264
2023-11-17T21:52:46.336919,265
2023-11-17T21:52:47.337328,265
2023-11-17T21:52:48.339644,265
2023-11-17T21:52:49.340112,265
2023-11-17T21:52:50.340109,264
2023-11-17T21:52:51.341082,263
2023-11-17T21:52:52.343636,262
2023-11-17T21:52:53.344457,261
2023-11-17T21:52:54.344962,262
2023-11-17T21:52:55.346932,262
2023-11-17T21:52:56.347335,263
2023-11-17T21:52:57.347034,264
2023-11-17T21:52:58.348271,265
2023-11-17T21:52:59.349819,265
2023-11-17T21:53:00.350026,265
2023-11-17T21:53:01.352411,264
2023-11-17T21:53:02.352291,263
2023-11-17T21:53:03.353438,263
2023-11-17T21:53:04.354153,262
2023-11-17T21:53:05.355195,261
2023-11-17T21:53:06.356015,261
2023-11-17T21:53:07.358157,262
2023-11-17T21:53:08.358071,263
2023-11-17T21:53:09.359946,264
2023-11-17T21:53:10.361183,265
2023-11-17T21:53:11.362224,265
2023-11-17T21:53:12.364191,265
2023-11-17T21:53:13.363669,264
2023-11-17T21:53:14.364060,264
2023-11-17T21:53:15.365521,263
2023-11-17T21:53:16.365954,262
2023-11-17T21:53:17.367920,261
2023-11-17T21:53:18.369033,261
2023-11-17T21:53:19.368563,262
2023-11-17T21:53:20.371721,263
2023-11-17T21:53:21.371089,264
2023-11-17T21:53:22.372445,265
2023-11-17T21:53:23.372849,265
2023-11-17T21:53:24.375452,265
2023-11-17T21:53:25.374542,264
2023-11-17T21:53:26.377637,263
2023-11-17T21:53:27.377405,263
2023-11-17T21:53:28.379372,262
2023-11-17T21:53:29.379564,261
2023-11-17T21:53:30.381023,262
2023-11-17T21:53:31.381398,263
2023-11-17T21:53:32.381774,263
2023-11-17T21:53:33.383033,264
2023-11-17T21:53:34.385625,265
2023-11-17T21:53:35.385170,265
2023-11-17T21:53:36.386699,264
2023-11-17T21:53:37.387312,262
2023-11-17T21:53:38.389603,262
2023-11-17T21:53:39.388864,261
2023-11-17T21:53:40.390304,261
2023-11-17T21:53:41.391138,261
2023-11-17T21:53:42.391856,262
2023-11-17T21:53:43.395084,263
2023-11-17T21:53:44.393615,265
2023-11-17T21:53:45.394897,230
2023-11-17T21:53:46.397279,269
2023-11-17T21:53:47.397153,271
2023-11-17T21:53:48.398883,259
2023-11-17T21:53:49.400032,253
2023-11-17T21:53:50.399810,239
2023-11-17T21:53:51.401519,219
2023-11-17T21:53:52.402504,209
2023-11-17T21:53:53.405096,212
2023-11-17T21:53:54.404887,226
2023-11-17T21:53:55.406853,236
2023-11-17T21:53:56.408197,239
2023-11-17T21:53:57.408403,245
2023-11-17T21:53:58.409117,249
2023-11-17T21:53:59.409104,252
2023-11-17T21:54:00.411638,274
2023-11-17T21:54:01.410778,385
2023-11-17T21:54:02.413933,303
2023-11-17T21:54:03.412945,116
2023-11-17T21:54:04.415626,145
2023-11-17T21:54:05.415626,166
2023-11-17T21:54:06.416657,180
2023-11-17T21:54:07.417327,191
2023-11-17T21:54:08.419142,198
2023-11-17T21:54:09.420175,207
2023-11-17T21:54:10.421200,215
2023-11-17T21:54:11.421616,223
2023-11-17T21:54:12.423999,229
2023-11-17T21:54:13.423987,233
2023-11-17T21:54:14.424089,238
2023-11-17T21:54:15.425514,241
2023-11-17T21:54:16.426497,244
2023-11-17T21:54:17.429171,246
2023-11-17T21:54:18.428197,248
2023-11-17T21:54:19.430404,250
2023-11-17T21:54:20.430078,251
2023-11-17T21:54:21.431524,254
2023-11-17T21:54:22.432047,257
2023-11-17T21:54:23.433699,258
2023-11-17T21:54:24.434102,260
2023-11-17T21:54:25.434728,261
2023-11-17T21:54:26.437631,262
2023-11-17T21:54:27.436385,262
2023-11-17T21:54:28.439180,261
2023-11-17T21:54:29.439688,261
2023-11-17T21:54:30.439487,260
2023-11-17T21:54:31.440643,260
2023-11-17T21:54:32.443005,260
2023-11-17T21:54:33.443723,260
2023-11-17T21:54:34.443802,261
2023-11-17T21:54:35.445261,262
2023-11-17T21:54:36.445259,263
2023-11-17T21:54:37.447018,264
2023-11-17T21:54:38.450026,264
2023-11-17T21:54:39.448608,264
2023-11-17T21:54:40.449700,264
2023-11-17T21:54:41.451784,263
2023-11-17T21:54:42.453335,263
2023-11-17T21:54:43.453738,262
2023-11-17T21:54:44.454674,261
2023-11-17T21:54:45.455360,261
2023-11-17T21:54:46.457237,261
2023-11-17T21:54:47.457431,261
2023-11-17T21:54:48.457962,262
2023-11-17T21:54:49.458686,263
2023-11-17T21:54:50.460762,264
2023-11-17T21:54:51.462411,265
2023-11-17T21:54:52.461787,265
2023-11-17T21:54:53.464482,264
2023-11-17T21:54:54.464895,263
2023-11-17T21:54:55.466353,262
2023-11-17T21:54:56.466320,261
2023-11-17T21:54:57.466431,261
2023-11-17T21:54:58.467745,261
2023-11-17T21:54:59.469231,261
2023-11-17T21:55:00.469645,262
2023-11-17T21:55:01.470883,263
2023-11-17T21:55:02.471705,264
2023-11-17T21:55:03.474204,264
2023-11-17T21:55:04.475619,264
2023-11-17T21:55:05.475104,264
2023-11-17T21:55:06.475927,263
2023-11-17T21:55:07.477380,262
2023-11-17T21:55:08.478909,262
2023-11-17T21:55:09.478933,261
2023-11-17T21:55:10.481944,261
2023-11-17T21:55:11.481742,261
2023-11-17T21:55:12.482136,262
2023-11-17T21:55:13.483073,263
2023-11-17T21:55:14.484741,264
2023-11-17T21:55:15.485455,265
2023-11-17T21:55:16.487850,265
2023-11-17T21:55:17.488463,264
2023-11-17T21:55:18.489071,263
2023-11-17T21:55:19.489900,262
2023-11-17T21:55:20.489571,261
2023-11-17T21:55:21.491123,261
2023-11-17T21:55:22.496132,262
2023-11-17T21:55:23.494348,263
2023-11-17T21:55:24.493722,263
2023-11-17T21:55:25.496316,264
2023-11-17T21:55:26.496717,265
2023-11-17T21:55:27.496701,264
2023-11-17T21:55:28.498249,263
2023-11-17T21:55:29.499750,262
2023-11-17T21:55:30.499969,261
2023-11-17T21:55:31.503232,261
2023-11-17T21:55:32.501367,261
2023-11-17T21:55:33.503435,262
2023-11-17T21:55:34.504466,263
2023-11-17T21:55:35.505298,264
2023-11-17T21:55:36.506639,264
2023-11-17T21:55:37.506913,265
2023-11-17T21:55:38.509200,265
2023-11-17T21:55:39.508593,264
2023-11-17T21:55:40.510141,263
2023-11-17T21:55:41.510039,262
2023-11-17T21:55:42.513231,261
2023-11-17T21:55:43.512738,261
2023-11-17T21:55:44.514890,261
2023-11-17T21:55:45.515652,262
2023-11-17T21:55:46.515727,263
2023-11-17T21:55:47.517068,264
2023-11-17T21:55:48.517263,264
2023-11-17T21:55:49.518617,264
2023-11-17T21:55:50.521420,264
2023-11-17T21:55:51.520491,263
2023-11-17T21:55:52.521509,262
2023-11-17T21:55:53.523645,261
2023-11-17T21:55:54.524680,260
2023-11-17T21:55:55.525199,260
2023-11-17T21:55:56.527720,261
2023-11-17T21:55:57.526990,261
2023-11-17T21:55:58.528858,263
2023-11-17T21:55:59.529375,264
2023-11-17T21:56:00.531651,264
2023-11-17T21:56:01.530356,264
2023-11-17T21:56:02.532696,264
2023-11-17T21:56:03.534545,263
2023-11-17T21:56:04.534323,262
2023-11-17T21:56:05.535575,261
2023-11-17T21:56:06.535768,260
2023-11-17T21:56:07.537635,260
2023-11-17T21:56:08.538881,261
2023-11-17T21:56:09.540120,262
2023-11-17T21:56:10.539180,263
2023-11-17T21:56:11.542086,264
2023-11-17T21:56:12.543632,264
2023-11-17T21:56:13.543189,264
2023-11-17T21:56:14.544351,264
2023-11-17T21:56:15.545275,263
2023-11-17T21:56:16.547461,262
2023-11-17T21:56:17.546720,261
2023-11-17T21:56:18.549741,260
2023-11-17T21:56:19.550550,259
2023-11-17T21:56:20.550756,260
2023-11-17T21:56:21.551485,261
2023-11-17T21:56:22.552410,261
2023-11-17T21:56:23.553751,262
2023-11-17T21:56:24.553960,263
2023-11-17T21:56:25.555774,264
2023-11-17T21:56:26.556240,264
2023-11-17T21:56:27.556957,264
2023-11-17T21:56:28.558607,263
2023-11-17T21:56:29.559443,262
2023-11-17T21:56:30.560678,262
2023-11-17T21:56:31.561289,261
2023-11-17T21:56:32.560977,260
2023-11-17T21:56:33.563361,260
2023-11-17T21:56:34.563900,260
2023-11-17T21:56:35.564183,261
2023-11-17T21:56:36.565721,262
2023-11-17T21:56:37.568857,262
2023-11-17T21:56:38.568740,263
2023-11-17T21:56:39.569769,264
2023-11-17T21:56:40.569870,264
2023-11-17T21:56:41.571236,264
2023-11-17T21:56:42.571512,264
2023-11-17T21:56:43.573491,262
2023-11-17T21:56:44.574937,262
2023-11-17T21:56:45.576502,261
2023-11-17T21:56:46.575968,261
2023-11-17T21:56:47.578026,260
2023-11-17T21:56:48.578766,260
2023-11-17T21:56:49.579274,260
2023-11-17T21:56:50.580201,260
2023-11-17T21:56:51.581139,261
2023-11-17T21:56:52.582072,262
2023-11-17T21:56:53.583763,262
2023-11-17T21:56:54.585532,263
2023-11-17T21:56:55.584814,263
2023-11-17T21:56:56.587653,263
2023-11-17T21:56:57.587129,264
2023-11-17T21:56:58.587950,264
2023-11-17T21:56:59.589824,263
2023-11-17T21:57:00.591790,263
2023-11-17T21:57:01.591675,262
2023-11-17T21:57:02.592397,262
2023-11-17T21:57:03.594041,262
2023-11-17T21:57:04.594993,261
2023-11-17T21:57:05.595085,261
2023-11-17T21:57:06.596638,261
2023-11-17T21:57:07.597679,260
2023-11-17T21:57:08.599332,261
2023-11-17T21:57:09.599794,261
2023-11-17T21:57:10.604606,261
2023-11-17T21:57:11.602421,262
2023-11-17T21:57:12.603251,262
2023-11-17T21:57:13.603249,262
2023-11-17T21:57:14.604486,263
2023-11-17T21:57:15.605216,264
2023-11-17T21:57:16.607077,264
2023-11-17T21:57:17.608108,264
2023-11-17T21:57:18.607675,264
2023-11-17T21:57:19.609137,264
2023-11-17T21:57:20.610177,263
2023-11-17T21:57:21.610998,263
2023-11-17T21:57:22.611193,263
2023-11-17T21:57:23.614007,262
2023-11-17T21:57:24.615108,262
2023-11-17T21:57:25.616169,261
2023-11-17T21:57:26.615961,261
2023-11-17T21:57:27.616157,260
2023-11-17T21:57:28.617914,260
2023-11-17T21:57:29.618851,261
2023-11-17T21:57:30.619374,261
2023-11-17T21:57:31.620583,262
2023-11-17T21:57:32.623606,262
2023-11-17T21:57:33.622659,263
2023-11-17T21:57:34.623699,263
2023-11-17T21:57:35.625714,264
2023-11-17T21:57:36.625349,264
2023-11-17T21:57:37.628059,264
2023-11-17T21:57:38.627419,264
2023-11-17T21:57:39.630233,264
2023-11-17T21:57:40.630730,264
2023-11-17T21:57:41.630286,263
2023-11-17T21:57:42.632812,263
2023-11-17T21:57:43.634050,262
2023-11-17T21:57:44.633515,262
2023-11-17T21:57:45.636538,262
2023-11-17T21:57:46.635916,261
2023-11-17T21:57:47.636724,261
2023-11-17T21:57:48.638698,260
2023-11-17T21:57:49.640041,260
2023-11-17T21:57:50.641081,260
2023-11-17T21:57:51.640341,261
2023-11-17T21:57:52.642515,261
2023-11-17T21:57:53.643005,262
2023-11-17T21:57:54.643512,262
2023-11-17T21:57:55.644878,262
2023-11-17T21:57:56.645707,263
2023-11-17T21:57:57.647360,263
2023-11-17T21:57:58.649040,264
2023-11-17T21:57:59.648611,264
2023-11-17T21:58:00.649846,264
2023-11-17T21:58:01.650785,264
2023-11-17T21:58:02.651293,264
2023-11-17T21:58:03.653560,264
2023-11-17T21:58:04.655239,263
2023-11-17T21:58:05.655851,263
2023-11-17T21:58:06.655849,263
2023-11-17T21:58:07.656672,262
2023-11-17T21:58:08.659159,262
2023-11-17T21:58:09.658105,262
2023-11-17T21:58:10.659459,261
2023-11-17T21:58:11.662570,261
2023-11-17T21:58:12.662780,261
2023-11-17T21:58:13.663821,261
2023-11-17T21:58:14.664630,261
2023-11-17T21:58:15.665431,261
2023-11-17T21:58:16.667315,261
2023-11-17T21:58:17.667430,261
2023-11-17T21:58:18.669291,262
2023-11-17T21:58:19.669071,262
2023-11-17T21:58:20.671360,262
2023-11-17T21:58:21.670427,263
2023-11-17T21:58:22.673189,263
2023-11-17T21:58:23.673212,264
2023-11-17T21:58:24.674526,264
2023-11-17T21:58:25.675491,264
2023-11-17T21:58:26.675165,264
2023-11-17T21:58:27.676614,264
2023-11-17T21:58:28.678424,264
2023-11-17T21:58:29.678475,264
2023-11-17T21:58:30.679607,263
2023-11-17T21:58:31.681484,263
2023-11-17T21:58:32.682095,262
2023-11-17T21:58:33.682928,262
2023-11-17T21:58:34.683228,261
2023-11-17T21:58:35.686445,261
2023-11-17T21:58:36.686862,261
2023-11-17T21:58:37.688101,261
2023-11-17T21:58:38.687773,261
2023-11-17T21:58:39.688891,261
2023-11-17T21:58:40.689602,262
2023-11-17T21:58:41.692740,262
2023-11-17T21:58:42.691533,263
2023-11-17T21:58:43.692625,263
2023-11-17T21:58:44.695621,264
2023-11-17T21:58:45.694389,264
2023-11-17T21:58:46.695522,264
2023-11-17T21:58:47.697398,265
2023-11-17T21:58:48.699154,265
2023-11-17T21:58:49.699889,264
2023-11-17T21:58:50.703717,264
2023-11-17T21:58:51.700792,264
2023-11-17T21:58:52.701736,264
2023-11-17T21:58:53.704017,263
2023-11-17T21:58:54.704108,263
2023-11-17T21:58:55.704838,262
2023-11-17T21:58:56.705133,262
2023-11-17T21:58:57.706467,261
2023-11-17T21:58:58.707822,261
2023-11-17T21:58:59.709173,260
2023-11-17T21:59:00.709472,259
2023-11-17T21:59:01.710933,261
2023-11-17T21:59:02.712170,261
2023-11-17T21:59:03.713003,261
2023-11-17T21:59:04.714223,261
2023-11-17T21:59:05.714123,262
2023-11-17T21:59:06.715477,262
2023-11-17T21:59:07.717862,263
2023-11-17T21:59:08.717847,262
2023-11-17T21:59:09.719827,263
2023-11-17T21:59:10.720851,264
2023-11-17T21:59:11.721153,263
2023-11-17T21:59:12.721554,264
2023-11-17T21:59:13.723018,263
2023-11-17T21:59:14.723537,264
2023-11-17T21:59:15.726236,264
2023-11-17T21:59:16.727679,263
2023-11-17T21:59:17.727159,263
2023-11-17T21:59:18.728801,262
2023-11-17T21:59:19.728808,261
2023-11-17T21:59:20.730350,261
2023-11-17T21:59:21.732117,261
2023-11-17T21:59:22.731592,261
2023-11-17T21:59:23.733255,260
2023-11-17T21:59:24.733345,260
2023-11-17T21:59:25.735639,260
2023-11-17T21:59:26.737813,261
2023-11-17T21:59:27.736043,261
2023-11-17T21:59:28.738727,261
2023-11-17T21:59:29.740904,262
2023-11-17T21:59:30.741209,263
2023-11-17T21:59:31.742557,263
2023-11-17T21:59:32.743285,264
2023-11-17T21:59:33.742971,264
2023-11-17T21:59:34.745146,264
2023-11-17T21:59:35.746905,264
2023-11-17T21:59:36.745549,265
2023-11-17T21:59:37.748650,265
2023-11-17T21:59:38.747622,265
2023-11-17T21:59:39.748131,265
2023-11-17T21:59:40.750616,264
2023-11-17T21:59:41.752284,264
2023-11-17T21:59:42.751229,264
2023-11-17T21:59:43.752875,263
2023-11-17T21:59:44.754551,263
2023-11-17T21:59:45.754330,263
2023-11-17T21:59:46.757664,262
2023-11-17T21:59:47.756925,262
2023-11-17T21:59:48.759097,262
2023-11-17T21:59:49.759498,261
2023-11-17T21:59:50.761467,261
2023-11-17T21:59:51.761560,261
2023-11-17T21:59:52.762083,261
2023-11-17T21:59:53.764986,260
2023-11-17T21:59:54.763120,261
2023-11-17T21:59:55.765402,260
2023-11-17T21:59:56.765597,261
2023-11-17T21:59:57.766535,262
2023-11-17T21:59:58.768399,262
2023-11-17T21:59:59.770215,262
2023-11-17T22:00:00.770040,262
2023-11-17T22:00:01.770769,263
2023-11-17T22:00:02.772019,263
2023-11-17T22:00:03.774093,263
2023-11-17T22:00:04.773244,263
2023-11-17T22:00:05.774703,263
2023-11-17T22:00:06.776744,264
2023-11-17T22:00:07.776543,264
2023-11-17T22:00:08.778427,264
2023-11-17T22:00:09.778972,264
2023-11-17T22:00:10.779478,264
2023-11-17T22:00:11.781945,264
2023-11-17T22:00:12.781867,264
2023-11-17T22:00:13.782545,264
2023-11-17T22:00:14.785357,264
2023-11-17T22:00:15.786595,264
2023-11-17T22:00:16.786117,264
2023-11-17T22:00:17.787310,264
2023-11-17T22:00:18.789694,264
2023-11-17T22:00:19.789059,264
2023-11-17T22:00:20.790689,263
2023-11-17T22:00:21.792287,263
2023-11-17T22:00:22.791439,263
2023-11-17T22:00:23.794278,262
2023-11-17T22:00:24.794982,262
2023-11-17T22:00:25.794501,261
2023-11-17T22:00:26.796298,261
2023-11-17T22:00:27.796509,261
2023-11-17T22:00:28.797326,261
2023-11-17T22:00:29.799538,261
2023-11-17T22:00:30.801194,261
2023-11-17T22:00:31.801561,261
2023-11-17T22:00:32.803348,261
2023-11-17T22:00:33.803958,261
2023-11-17T22:00:34.803738,261
2023-11-17T22:00:35.805924,261
2023-11-17T22:00:36.805644,262
2023-11-17T22:00:37.806387,262
2023-11-17T22:00:38.807668,262
2023-11-17T22:00:39.809949,262
2023-11-17T22:00:40.809517,262
2023-11-17T22:00:41.812854,263
2023-11-17T22:00:42.811796,263
2023-11-17T22:00:43.814058,263
2023-11-17T22:00:44.814586,264
2023-11-17T22:00:45.815825,264
2023-11-17T22:00:46.816987,264
2023-11-17T22:00:47.817178,264
2023-11-17T22:00:48.816957,264
2023-11-17T22:00:49.819769,264
2023-11-17T22:00:50.820701,264
2023-11-17T22:00:51.820893,264
2023-11-17T22:00:52.821203,264
2023-11-17T22:00:53.822545,263
2023-11-17T22:00:54.825566,263
2023-11-17T22:00:55.824306,262
2023-11-17T22:00:56.825769,262
2023-11-17T22:00:57.828573,262
2023-11-17T22:00:58.828239,261
2023-11-17T22:00:59.829581,261
2023-11-17T22:01:00.829799,260
2023-11-17T22:01:01.830193,261
2023-11-17T22:01:02.831324,261
2023-11-17T22:01:03.834646,262
2023-11-17T22:01:04.833145,262
2023-11-17T22:01:05.834696,263
2023-11-17T22:01:06.837615,263
2023-11-17T22:01:07.838686,264
2023-11-17T22:01:08.838734,264
2023-11-17T22:01:09.840182,265
2023-11-17T22:01:10.839701,265
2023-11-17T22:01:11.840443,265
2023-11-17T22:01:12.842379,265
2023-11-17T22:01:13.843009,265
2023-11-17T22:01:14.843532,264
2023-11-17T22:01:15.844221,264
2023-11-17T22:01:16.847256,263
2023-11-17T22:01:17.846945,263
2023-11-17T22:01:18.849118,263
2023-11-17T22:01:19.849224,262
2023-11-17T22:01:20.851015,261
2023-11-17T22:01:21.850029,261
2023-11-17T22:01:22.851559,263
2023-11-17T22:01:23.853445,265
2023-11-17T22:01:24.854173,265
2023-11-17T22:01:25.855847,265
2023-11-17T22:01:26.857524,265
2023-11-17T22:01:27.856038,265
2023-11-17T22:01:28.858316,265
2023-11-17T22:01:29.860599,264
2023-11-17T22:01:30.859242,263
2023-11-17T22:01:31.861625,263
2023-11-17T22:01:32.862965,262
2023-11-17T22:01:33.863279,261
2023-11-17T22:01:34.865443,260
2023-11-17T22:01:35.865303,259
2023-11-17T22:01:36.865543,258
2023-11-17T22:01:37.868347,257
2023-11-17T22:01:38.867718,256
2023-11-17T22:01:39.868462,255
2023-11-17T22:01:40.869466,254
2023-11-17T22:01:41.872704,254
2023-11-17T22:01:42.871018,254
2023-11-17T22:01:43.873505,255
2023-11-17T22:01:44.874657,255
2023-11-17T22:01:45.874637,256
2023-11-17T22:01:46.875671,256
2023-11-17T22:01:47.877230,256
2023-11-17T22:01:48.878702,257
2023-11-17T22:01:49.879934,257
2023-11-17T22:01:50.880541,257
2023-11-17T22:01:51.880856,257
2023-11-17T22:01:52.882233,256
2023-11-17T22:01:53.883829,256
2023-11-17T22:01:54.883979,255
2023-11-17T22:01:55.888215,254
2023-11-17T22:01:56.885558,254
2023-11-17T22:01:57.887343,253
2023-11-17T22:01:58.887899,253
2023-11-17T22:01:59.888069,253
2023-11-17T22:02:00.889513,254
2023-11-17T22:02:01.890868,255
2023-11-17T22:02:02.891169,255
2023-11-17T22:02:03.893449,256
2023-11-17T22:02:04.893762,257
2023-11-17T22:02:05.894999,257
2023-11-17T22:02:06.896085,257
2023-11-17T22:02:07.897738,256
2023-11-17T22:02:08.897409,256
2023-11-17T22:02:09.900290,255
2023-11-17T22:02:10.900485,254
2023-11-17T22:02:11.900365,253
2023-11-17T22:02:12.903239,253
2023-11-17T22:02:13.902021,253
2023-11-17T22:02:14.903990,254
2023-11-17T22:02:15.905551,255
2023-11-17T22:02:16.905120,255
2023-11-17T22:02:17.906881,256
2023-11-17T22:02:18.908131,257
2023-11-17T22:02:19.908121,257
2023-11-17T22:02:20.909991,257
2023-11-17T22:02:21.910871,256
2023-11-17T22:02:22.912821,255
2023-11-17T22:02:23.912852,255
2023-11-17T22:02:24.914748,254
2023-11-17T22:02:25.915049,253
2023-11-17T22:02:26.917691,253
2023-11-17T22:02:27.918682,253
2023-11-17T22:02:28.918360,254
2023-11-17T22:02:29.918462,255
2023-11-17T22:02:30.919803,255
2023-11-17T22:02:31.920209,256
2023-11-17T22:02:32.922082,257
2023-11-17T22:02:33.922278,257
2023-11-17T22:02:34.923309,256
2023-11-17T22:02:35.924981,256
2023-11-17T22:02:36.926684,255
2023-11-17T22:02:37.926526,254
2023-11-17T22:02:38.928738,253
2023-11-17T22:02:39.928687,253
2023-11-17T22:02:40.930667,253
2023-11-17T22:02:41.930756,253
2023-11-17T22:02:42.931474,254
2023-11-17T22:02:43.933038,255
2023-11-17T22:02:44.933831,256
2023-11-17T22:02:45.934578,256
2023-11-17T22:02:46.937076,256
2023-11-17T22:02:47.937169,256
2023-11-17T22:02:48.938404,256
2023-11-17T22:02:49.939239,255
2023-11-17T22:02:50.940996,254
2023-11-17T22:02:51.941169,254
2023-11-17T22:02:52.941844,253
2023-11-17T22:02:53.943824,251
2023-11-17T22:02:54.943608,252
2023-11-17T22:02:55.944914,252
2023-11-17T22:02:56.945429,253
2023-11-17T22:02:57.948244,254
2023-11-17T22:02:58.947081,254
2023-11-17T22:02:59.949468,255
2023-11-17T22:03:00.950304,255
2023-11-17T22:03:01.950809,256
2023-11-17T22:03:02.952673,257
2023-11-17T22:03:03.953610,257
2023-11-17T22:03:04.954219,257
2023-11-17T22:03:05.955982,256
2023-11-17T22:03:06.955041,256
2023-11-17T22:03:07.958551,255
2023-11-17T22:03:08.959351,254
2023-11-17T22:03:09.959264,254
2023-11-17T22:03:10.959431,253
2023-11-17T22:03:11.962705,253
2023-11-17T22:03:12.961556,253
2023-11-17T22:03:13.962480,253
2023-11-17T22:03:14.963001,253
2023-11-17T22:03:15.964240,254
2023-11-17T22:03:16.967595,255
2023-11-17T22:03:17.967457,255
2023-11-17T22:03:18.969317,255
2023-11-17T22:03:19.968107,256
2023-11-17T22:03:20.969204,256
2023-11-17T22:03:21.972108,256
2023-11-17T22:03:22.971600,256
2023-11-17T22:03:23.972436,256
2023-11-17T22:03:24.974628,256
2023-11-17T22:03:25.974168,255
2023-11-17T22:03:26.975301,254
2023-11-17T22:03:27.976913,254
2023-11-17T22:03:28.978934,254
2023-11-17T22:03:29.979026,253
2023-11-17T22:03:30.981409,253
2023-11-17T22:03:31.980790,253
2023-11-17T22:03:32.983377,253
2023-11-17T22:03:33.984719,254
2023-11-17T22:03:34.984720,254
2023-11-17T22:03:35.984396,255
2023-11-17T22:03:36.986631,255
2023-11-17T22:03:37.987848,255
2023-11-17T22:03:38.988590,256
2023-11-17T22:03:39.988241,256
2023-11-17T22:03:40.989875,256
2023-11-17T22:03:41.991533,256
2023-11-17T22:03:42.991324,256
2023-11-17T22:03:43.994005,256
2023-11-17T22:03:44.993693,255
2023-11-17T22:03:45.994424,255
2023-11-17T22:03:46.997327,254
2023-11-17T22:03:47.996903,254
2023-11-17T22:03:48.998149,253
2023-11-17T22:03:49.998239,252
2023-11-17T22:03:51.000625,252
2023-11-17T22:03:52.000763,253
2023-11-17T22:03:53.002863,253
2023-11-17T22:03:54.001873,254
2023-11-17T22:03:55.004413,254
2023-11-17T22:03:56.004547,254
2023-11-17T22:03:57.006201,255
2023-11-17T22:03:58.006826,256
2023-11-17T22:03:59.007541,256
2023-11-17T22:04:00.009474,256
2023-11-17T22:04:01.010252,256
2023-11-17T22:04:02.011164,256
2023-11-17T22:04:03.012728,255
2023-11-17T22:04:04.012413,255
2023-11-17T22:04:05.013746,254
2023-11-17T22:04:06.015291,253
2023-11-17T22:04:07.015656,253
2023-11-17T22:04:08.016347,253
2023-11-17T22:04:09.017991,253
2023-11-17T22:04:10.020489,253
2023-11-17T22:04:11.019217,254
2023-11-17T22:04:12.021197,255
2023-11-17T22:04:13.021702,255
2023-11-17T22:04:14.023044,256
2023-11-17T22:04:15.023254,256
2023-11-17T22:04:16.026180,256
2023-11-17T22:04:17.026397,256
2023-11-17T22:04:18.027294,256
2023-11-17T22:04:19.026967,255
2023-11-17T22:04:20.028845,254
2023-11-17T22:04:21.029721,254
2023-11-17T22:04:22.031972,253
2023-11-17T22:04:23.031725,253
2023-11-17T22:04:24.032946,253
2023-11-17T22:04:25.033168,253
2023-11-17T22:04:26.035893,254
2023-11-17T22:04:27.035345,255
2023-11-17T22:04:28.037103,255
2023-11-17T22:04:29.037833,256
2023-11-17T22:04:30.038956,256
2023-11-17T22:04:31.039929,256
2023-11-17T22:04:32.041144,256
2023-11-17T22:04:33.042777,256
2023-11-17T22:04:34.042888,255
2023-11-17T22:04:35.044763,254
2023-11-17T22:04:36.045464,254
2023-11-17T22:04:37.047355,253
2023-11-17T22:04:38.048073,253
2023-11-17T22:04:39.048790,253
2023-11-17T22:04:40.048164,253
2023-11-17T22:04:41.050650,253
2023-11-17T22:04:42.050920,254
2023-11-17T22:04:43.052502,255
2023-11-17T22:04:44.053127,256
2023-11-17T22:04:45.054572,256
2023-11-17T22:04:46.056345,256
2023-11-17T22:04:47.056020,256
2023-11-17T22:04:48.056841,256
2023-11-17T22:04:49.057972,256
2023-11-17T22:04:50.059120,255
2023-11-17T22:04:51.064330,255
2023-11-17T22:04:52.061087,254
2023-11-17T22:04:53.060971,254
2023-11-17T22:04:54.063776,253
2023-11-17T22:04:55.062939,253
2023-11-17T22:04:56.065634,253
2023-11-17T22:04:57.065675,252
2023-11-17T22:04:58.066662,253
2023-11-17T22:04:59.067514,254
2023-11-17T22:05:00.068309,254
2023-11-17T22:05:01.069140,255
2023-11-17T22:05:02.071733,255
2023-11-17T22:05:03.071316,255
2023-11-17T22:05:04.072658,256
2023-11-17T22:05:05.074429,256
2023-11-17T22:05:06.075771,256
2023-11-17T22:05:07.076801,256
2023-11-17T22:05:08.076908,256
2023-11-17T22:05:09.077101,256
2023-11-17T22:05:10.078650,256
2023-11-17T22:05:11.081060,254
2023-11-17T22:05:12.082604,283
2023-11-17T22:05:13.082627,290
2023-11-17T22:05:14.083974,291
2023-11-17T22:05:15.083823,312
2023-11-17T22:05:16.084529,301
2023-11-17T22:05:17.085268,291
2023-11-17T22:05:18.088385,284
2023-11-17T22:05:19.087848,278
2023-11-17T22:05:20.088797,273
2023-11-17T22:05:21.090129,269
2023-11-17T22:05:22.090442,267
2023-11-17T22:05:23.092513,265
2023-11-17T22:05:24.092813,263
2023-11-17T22:05:25.095208,262
2023-11-17T22:05:26.094779,261
2023-11-17T22:05:27.095327,260
2023-11-17T22:05:28.098110,260
2023-11-17T22:05:29.099033,259
2023-11-17T22:05:30.098494,259
2023-11-17T22:05:31.099639,258
2023-11-17T22:05:32.101637,258
2023-11-17T22:05:33.103258,257
2023-11-17T22:05:34.103365,257
2023-11-17T22:05:35.103041,256
2023-11-17T22:05:36.105008,256
2023-11-17T22:05:37.105320,252
2023-11-17T22:05:38.106454,257
2023-11-17T22:05:39.109568,261
2023-11-17T22:05:40.108112,257
2023-11-17T22:05:41.111372,255
2023-11-17T22:05:42.111367,255
2023-11-17T22:05:43.113283,255
2023-11-17T22:05:44.114009,255
2023-11-17T22:05:45.113697,254
2023-11-17T22:05:46.114310,255
2023-11-17T22:05:47.117005,253
2023-11-17T22:05:48.117528,252
2023-11-17T22:05:49.119077,254
2023-11-17T22:05:50.118024,238
2023-11-17T22:05:51.119586,240
2023-11-17T22:05:52.120617,249
2023-11-17T22:05:53.122165,251
2023-11-17T22:05:54.123313,251
2023-11-17T22:05:55.124689,251
2023-11-17T22:05:56.125943,251
2023-11-17T22:05:57.127407,252
2023-11-17T22:05:58.128200,252
2023-11-17T22:05:59.127635,252
2023-11-17T22:06:00.127952,253
2023-11-17T22:06:01.129188,253
2023-11-17T22:06:02.131920,254
2023-11-17T22:06:03.131508,255
2023-11-17T22:06:04.133019,255
2023-11-17T22:06:05.133023,256
2023-11-17T22:06:06.135609,256
2023-11-17T22:06:07.137161,256
2023-11-17T22:06:08.136744,256
2023-11-17T22:06:09.138816,256
2023-11-17T22:06:10.139503,256
2023-11-17T22:06:11.139743,255
2023-11-17T22:06:12.140981,255
2023-11-17T22:06:13.141488,254
2023-11-17T22:06:14.142844,254
2023-11-17T22:06:15.143408,253
2023-11-17T22:06:16.145404,253
2023-11-17T22:06:17.146770,252
2023-11-17T22:07:59.246852,257
2023-11-17T22:08:00.249007,258
2023-11-17T22:08:01.251610,257
2023-11-17T22:08:02.252062,257
2023-11-17T22:08:03.252098,257
2023-11-17T22:08:04.253659,256
2023-11-17T22:08:05.255205,256
2023-11-17T22:08:06.254688,255
2023-11-17T22:08:07.257080,254
2023-11-17T22:08:08.257608,254
2023-11-17T22:08:09.257991,254
2023-11-17T22:08:10.258204,253
2023-11-17T22:08:11.260468,253
2023-11-17T22:08:12.259962,253
2023-11-17T22:08:13.262031,253
2023-11-17T22:08:14.263269,253
2023-11-17T22:08:15.264104,254
2023-11-17T22:08:16.264717,254
2023-11-17T22:08:17.264975,255
2023-11-17T22:08:18.267678,256
2023-11-17T22:08:19.269657,256
2023-11-17T22:08:20.268012,257
2023-11-17T22:08:21.269478,256
2023-11-17T22:08:22.271854,256
2023-11-17T22:08:23.272160,256
2023-11-17T22:08:24.272956,255
2023-11-17T22:08:25.274227,255
2023-11-17T22:08:26.274956,254
2023-11-17T22:08:27.276721,253
2023-11-17T22:08:28.277071,253
2023-11-17T22:08:29.277677,253
2023-11-17T22:08:30.277893,254
2023-11-17T22:08:31.279932,254
2023-11-17T22:08:32.281637,255
2023-11-17T22:08:33.283193,255
2023-11-17T22:08:34.283738,256
2023-11-17T22:08:35.284678,257
2023-11-17T22:08:36.284354,257
2023-11-17T22:08:37.286665,256
2023-11-17T22:08:38.287271,256
2023-11-17T22:08:39.289328,255
2023-11-17T22:08:40.289120,255
2023-11-17T22:08:41.289508,253
2023-11-17T22:08:42.290786,253
2023-11-17T22:08:43.291766,253
2023-11-17T22:08:44.293665,253
2023-11-17T22:08:45.293447,254
2023-11-17T22:08:46.294488,255
2023-11-17T22:08:47.295308,256
2023-11-17T22:08:48.296847,256
2023-11-17T22:08:49.299211,257
2023-11-17T22:08:50.298409,257
2023-11-17T22:08:51.301315,256
2023-11-17T22:08:52.300692,256
2023-11-17T22:08:53.302764,255
2023-11-17T22:08:54.302024,255
2023-11-17T22:08:55.305042,254
2023-11-17T22:08:56.305550,253
2023-11-17T22:08:57.306591,253
2023-11-17T22:08:58.307103,253
2023-11-17T22:08:59.307061,253
2023-11-17T22:09:00.309555,254
2023-11-17T22:09:01.309920,254
2023-11-17T22:09:02.311962,255
2023-11-17T22:09:03.312484,255
2023-11-17T22:09:04.314104,256
2023-11-17T22:09:05.313602,256
2023-11-17T22:09:06.316231,256
2023-11-17T22:09:07.316225,256
2023-11-17T22:09:08.316606,256
2023-11-17T22:09:09.318267,257
2023-11-17T22:09:10.318775,256
2023-11-17T22:09:11.320644,256
2023-11-17T22:09:12.320639,256
2023-11-17T22:09:13.321459,255
2023-11-17T22:09:14.322383,255
2023-11-17T22:09:15.325287,254
2023-11-17T22:09:16.325394,254
2023-11-17T22:09:17.329341,254
2023-11-17T22:09:18.327465,253
2023-11-17T22:09:19.328601,253
2023-11-17T22:09:20.328601,253
2023-11-17T22:09:21.330223,253
2023-11-17T22:09:22.330123,253
2023-11-17T22:09:23.333024,253
2023-11-17T22:09:24.333760,253
2023-11-17T22:09:25.333240,253
2023-11-17T22:09:26.335115,253
2023-11-17T22:09:27.335311,253
2023-11-17T22:09:28.338422,253
2023-11-17T22:09:29.337799,253
2023-11-17T22:09:30.338399,254
2023-11-17T22:09:31.340352,254
2023-11-17T22:09:32.340275,255
2023-11-17T22:09:33.342554,255
2023-11-17T22:09:34.344118,255
2023-11-17T22:09:35.343918,255
2023-11-17T22:09:36.345816,255
2023-11-17T22:09:37.345135,255
0,65
1,62
2,68
3,64
4,75
5,62
6,63
7,62
8,65
9,67
10,65
11,65
12,62
13,68
14,62
15,59
16,68
17,69
18,70
19,66
20,62
21,66
22,60
23,70
24,68
25,73
26,67
27,62
28,61
29,66
30,73
31,66
32,66
33,60
34,58
35,73
36,57
37,74
38,70
39,72
40,70
41,64
42,62
43,66
44,75
45,70
46,68
47,70
48,60
49,70
50,74
51,62
52,67
53,70
54,67
55,66
56,78
57,72
58,59
59,65
60,69
61,63
62,66
63,60
64,76
65,68
66,67
67,53
68,75
69,63
70,60
71,65
72,67
73,72
74,60
75,59
76,74
77,67
78,66
79,64
80,63
81,65
82,74
83,69
84,67
85,62
86,72
87,55
88,69
89,64
90,61
91,74
92,61
93,67
94,69
95,64
96,65
97,67
98,66
99,66
100,65
101,66
102,60
103,65
104,73
105,69
106,61
107,66
108,66
109,64
110,70
111,67
112,68
113,60
114,52
115,65
116,62
117,61
118,66
119,76
120,62
121,60
122,63
123,58
124,63
125,55
126,71
127,62
128,76
129,59
130,62
131,60
132,61
133,70
134,72
135,63
136,63
137,67
138,77
139,61
140,63
141,64
142,64
143,67
144,70
145,62
146,68
147,66
148,75
149,70
150,67
151,64
152,71
153,73
154,61
155,67
156,66
157,60
158,70
159,64
160,68
161,57
162,69
163,69
164,60
165,67
166,73
167,67
168,63
169,65
170,52
171,60
172,62
173,59
174,62
175,70
176,61
177,59
178,65
179,74
180,70
181,61
182,67
183,77
184,66
185,63
186,61
187,68
188,65
189,58
190,64
191,64
192,65
193,72
194,61
195,68
196,64
197,59
198,71
199,70
200,72
201,67
202,73
203,73
204,71
205,62
206,57
207,59
208,60
209,55
210,66
211,66
212,67
213,70
214,66
215,56
216,72
217,64
218,65
219,69
220,60
221,64
222,70
223,66
224,61
225,56
226,59
227,72
228,66
229,66
230,65
231,64
232,62
233,65
234,60
235,58
236,73
237,71
238,66
239,66
240,62
241,61
242,70
243,66
244,56
245,63
246,63
247,72
248,69
249,68
250,61
251,61
252,76
253,64
254,72
255,68
256,67
257,70
258,55
259,60
260,75
261,75
262,65
263,69
264,68
265,65
266,59
267,62
268,64
269,62
270,55
271,67
272,68
273,70
274,61
275,63
276,55
277,60
278,59
279,65
280,70
281,63
282,59
283,66
284,68
285,65
286,60
287,73
288,61
289,70
290,62
291,73
292,55
293,59
294,65
295,62
296,71
297,65
298,66
299,75
300,69
301,65
302,70
303,61
304,58
305,60
306,63
307,60
308,63
309,64
310,67
311,70
312,68
313,66
314,60
315,67
316,70
317,64
318,70
319,64
320,60
321,59
322,62
323,62
324,61
325,69
326,60
327,64
328,68
329,65
330,71
331,57
332,64
333,64
334,71
335,61
336,68
337,62
338,68
339,63
340,69
341,68
342,63
343,75
344,57
345,66
346,64
347,69
348,64
349,65
350,60
351,65
352,61
353,60
354,68
355,65
356,68
357,73
358,64
359,61
360,59
361,71
362,64
363,65
364,62
365,66
366,64
367,69
368,66
369,61
370,68
371,73
372,65
373,68
374,62
375,73
376,68
377,64
378,73
379,68
380,68
381,71
382,68
383,63
384,68
385,69
386,56
387,59
388,62
389,75
390,64
391,66
392,65
393,65
394,69
395,63
396,64
397,65
398,61
399,58
400,68
401,68
402,64
403,60
404,63
405,65
406,61
407,72
408,65
409,58
410,67
411,66
412,57
413,56
414,70
415,69
416,69
417,62
418,70
419,67
420,65
421,62
422,69
423,63
424,65
425,64
426,71
427,62
428,66
429,68
430,70
431,69
432,66
433,62
434,63
435,62
436,63
437,74
438,69
439,65
440,62
441,74
442,65
443,71
444,57
445,74
446,72
447,78
448,63
449,70
450,68
451,67
452,69
453,70
454,70
455,64
456,55
457,69
458,70
459,63
460,69
461,73
462,59
463,65
464,54
465,71
466,71
467,70
468,66
469,65
470,71
471,59
472,57
473,63
474,71
475,72
476,61
477,69
478,70
479,69
480,69
481,75
482,76
483,67
484,69
485,64
486,64
487,68
488,62
489,62
490,70
491,68
492,61
493,65
494,65
495,67
496,60
497,57
498,66
499,66
500,64
501,73
502,60
503,62
504,67
505,58
506,64
507,72
508,57
509,61
510,66
511,76
512,61
513,63
514,69
515,69
516,65
517,68
518,77
519,60
520,64
521,61
522,63
523,65
524,67
525,62
526,68
527,70
528,60
529,61
530,70
531,65
532,56
533,61
534,71
535,67
536,67
537,59
538,70
539,73
540,66
541,70
542,70
543,64
544,61
545,71
546,59
547,76
548,67
549,68
550,61
551,62
552,63
553,62
554,70
555,69
556,74
557,67
558,60
